{"cameraMode":{"drawMode":0,"name":"Shaded","section":"Shading Mode"},"sceneLighting":true,"audioPlay":false,"sceneViewState":{"showFog":true,"showMaterialUpdate":false,"showSkybox":true,"showFlares":true,"showImageEffects":true,"showParticleSystems":true,"showVisualEffectGraphs":true,"m_FxEnabled":true},"in2DMode":false,"pivot":{"x":-0.23505623638629914,"y":-0.15362876653671266,"z":-0.5936610102653503},"rotation":{"x":0.2996252477169037,"y":0.10703043639659882,"z":-0.03385012224316597,"w":0.9473869800567627},"size":0.5357832312583923,"orthographic":false}